region,SUM(sales)
Central,497800.8728000007
East,672194.0539999981
South,388983.58500000037
West,713471.3445000004
